Filename,TextPrompt,Response
000006.png,You are an expert dermatologist. I have provided you with an image of a skin lesion. Is the lesion malignant or benign? Please answer concisely with either 'malignant' or 'benign'.,
000006.png,I have provided you with an image of a skin lesion. Is the lesion malignant or benign? Please answer concisely with either 'malignant' or 'benign'.,
000015.png,You are an expert dermatologist. I have provided you with an image of a skin lesion. Is the lesion malignant or benign? Please answer concisely with either 'malignant' or 'benign'.,
000015.png,I have provided you with an image of a skin lesion. Is the lesion malignant or benign? Please answer concisely with either 'malignant' or 'benign'.,
000018.png,You are an expert dermatologist. I have provided you with an image of a skin lesion. Is the lesion malignant or benign? Please answer concisely with either 'malignant' or 'benign'.,
000018.png,I have provided you with an image of a skin lesion. Is the lesion malignant or benign? Please answer concisely with either 'malignant' or 'benign'.,
000023.png,You are an expert dermatologist. I have provided you with an image of a skin lesion. Is the lesion malignant or benign? Please answer concisely with either 'malignant' or 'benign'.,
000023.png,I have provided you with an image of a skin lesion. Is the lesion malignant or benign? Please answer concisely with either 'malignant' or 'benign'., malignant
000025.png,You are an expert dermatologist. I have provided you with an image of a skin lesion. Is the lesion malignant or benign? Please answer concisely with either 'malignant' or 'benign'.,
000025.png,I have provided you with an image of a skin lesion. Is the lesion malignant or benign? Please answer concisely with either 'malignant' or 'benign'.,
000038.png,You are an expert dermatologist. I have provided you with an image of a skin lesion. Is the lesion malignant or benign? Please answer concisely with either 'malignant' or 'benign'., malignant
000038.png,I have provided you with an image of a skin lesion. Is the lesion malignant or benign? Please answer concisely with either 'malignant' or 'benign'., malignant
000050.png,You are an expert dermatologist. I have provided you with an image of a skin lesion. Is the lesion malignant or benign? Please answer concisely with either 'malignant' or 'benign'.,
000050.png,I have provided you with an image of a skin lesion. Is the lesion malignant or benign? Please answer concisely with either 'malignant' or 'benign'.,
000055.png,You are an expert dermatologist. I have provided you with an image of a skin lesion. Is the lesion malignant or benign? Please answer concisely with either 'malignant' or 'benign'.,
000055.png,I have provided you with an image of a skin lesion. Is the lesion malignant or benign? Please answer concisely with either 'malignant' or 'benign'.,
000063.png,You are an expert dermatologist. I have provided you with an image of a skin lesion. Is the lesion malignant or benign? Please answer concisely with either 'malignant' or 'benign'.,
000063.png,I have provided you with an image of a skin lesion. Is the lesion malignant or benign? Please answer concisely with either 'malignant' or 'benign'.,
000071.png,You are an expert dermatologist. I have provided you with an image of a skin lesion. Is the lesion malignant or benign? Please answer concisely with either 'malignant' or 'benign'.,
000071.png,I have provided you with an image of a skin lesion. Is the lesion malignant or benign? Please answer concisely with either 'malignant' or 'benign'.,
000092.png,You are an expert dermatologist. I have provided you with an image of a skin lesion. Is the lesion malignant or benign? Please answer concisely with either 'malignant' or 'benign'.,
000092.png,I have provided you with an image of a skin lesion. Is the lesion malignant or benign? Please answer concisely with either 'malignant' or 'benign'.,
000097.png,You are an expert dermatologist. I have provided you with an image of a skin lesion. Is the lesion malignant or benign? Please answer concisely with either 'malignant' or 'benign'.,
000097.png,I have provided you with an image of a skin lesion. Is the lesion malignant or benign? Please answer concisely with either 'malignant' or 'benign'.,
000113.png,You are an expert dermatologist. I have provided you with an image of a skin lesion. Is the lesion malignant or benign? Please answer concisely with either 'malignant' or 'benign'.,
000113.png,I have provided you with an image of a skin lesion. Is the lesion malignant or benign? Please answer concisely with either 'malignant' or 'benign'.,
000118.png,You are an expert dermatologist. I have provided you with an image of a skin lesion. Is the lesion malignant or benign? Please answer concisely with either 'malignant' or 'benign'.,
000118.png,I have provided you with an image of a skin lesion. Is the lesion malignant or benign? Please answer concisely with either 'malignant' or 'benign'.,
000119.png,You are an expert dermatologist. I have provided you with an image of a skin lesion. Is the lesion malignant or benign? Please answer concisely with either 'malignant' or 'benign'.,
000119.png,I have provided you with an image of a skin lesion. Is the lesion malignant or benign? Please answer concisely with either 'malignant' or 'benign'.,
000120.png,You are an expert dermatologist. I have provided you with an image of a skin lesion. Is the lesion malignant or benign? Please answer concisely with either 'malignant' or 'benign'.,
000120.png,I have provided you with an image of a skin lesion. Is the lesion malignant or benign? Please answer concisely with either 'malignant' or 'benign'.,
000134.png,You are an expert dermatologist. I have provided you with an image of a skin lesion. Is the lesion malignant or benign? Please answer concisely with either 'malignant' or 'benign'.,
000134.png,I have provided you with an image of a skin lesion. Is the lesion malignant or benign? Please answer concisely with either 'malignant' or 'benign'.,
000141.png,You are an expert dermatologist. I have provided you with an image of a skin lesion. Is the lesion malignant or benign? Please answer concisely with either 'malignant' or 'benign'.,
000141.png,I have provided you with an image of a skin lesion. Is the lesion malignant or benign? Please answer concisely with either 'malignant' or 'benign'.,
000150.png,You are an expert dermatologist. I have provided you with an image of a skin lesion. Is the lesion malignant or benign? Please answer concisely with either 'malignant' or 'benign'.,
000150.png,I have provided you with an image of a skin lesion. Is the lesion malignant or benign? Please answer concisely with either 'malignant' or 'benign'.,
000154.png,You are an expert dermatologist. I have provided you with an image of a skin lesion. Is the lesion malignant or benign? Please answer concisely with either 'malignant' or 'benign'.,
000154.png,I have provided you with an image of a skin lesion. Is the lesion malignant or benign? Please answer concisely with either 'malignant' or 'benign'.,
000158.png,You are an expert dermatologist. I have provided you with an image of a skin lesion. Is the lesion malignant or benign? Please answer concisely with either 'malignant' or 'benign'.,
000158.png,I have provided you with an image of a skin lesion. Is the lesion malignant or benign? Please answer concisely with either 'malignant' or 'benign'.,
000169.png,You are an expert dermatologist. I have provided you with an image of a skin lesion. Is the lesion malignant or benign? Please answer concisely with either 'malignant' or 'benign'.,
000169.png,I have provided you with an image of a skin lesion. Is the lesion malignant or benign? Please answer concisely with either 'malignant' or 'benign'.,
000176.png,You are an expert dermatologist. I have provided you with an image of a skin lesion. Is the lesion malignant or benign? Please answer concisely with either 'malignant' or 'benign'.,
000176.png,I have provided you with an image of a skin lesion. Is the lesion malignant or benign? Please answer concisely with either 'malignant' or 'benign'.,
000186.png,You are an expert dermatologist. I have provided you with an image of a skin lesion. Is the lesion malignant or benign? Please answer concisely with either 'malignant' or 'benign'.,
000186.png,I have provided you with an image of a skin lesion. Is the lesion malignant or benign? Please answer concisely with either 'malignant' or 'benign'.,
000196.png,You are an expert dermatologist. I have provided you with an image of a skin lesion. Is the lesion malignant or benign? Please answer concisely with either 'malignant' or 'benign'.,
000196.png,I have provided you with an image of a skin lesion. Is the lesion malignant or benign? Please answer concisely with either 'malignant' or 'benign'.,
000198.png,You are an expert dermatologist. I have provided you with an image of a skin lesion. Is the lesion malignant or benign? Please answer concisely with either 'malignant' or 'benign'.,
000198.png,I have provided you with an image of a skin lesion. Is the lesion malignant or benign? Please answer concisely with either 'malignant' or 'benign'.,
000200.png,You are an expert dermatologist. I have provided you with an image of a skin lesion. Is the lesion malignant or benign? Please answer concisely with either 'malignant' or 'benign'.,
000200.png,I have provided you with an image of a skin lesion. Is the lesion malignant or benign? Please answer concisely with either 'malignant' or 'benign'.,
000202.png,You are an expert dermatologist. I have provided you with an image of a skin lesion. Is the lesion malignant or benign? Please answer concisely with either 'malignant' or 'benign'.,
000202.png,I have provided you with an image of a skin lesion. Is the lesion malignant or benign? Please answer concisely with either 'malignant' or 'benign'.,
000205.png,You are an expert dermatologist. I have provided you with an image of a skin lesion. Is the lesion malignant or benign? Please answer concisely with either 'malignant' or 'benign'.,
000205.png,I have provided you with an image of a skin lesion. Is the lesion malignant or benign? Please answer concisely with either 'malignant' or 'benign'.,
000220.png,You are an expert dermatologist. I have provided you with an image of a skin lesion. Is the lesion malignant or benign? Please answer concisely with either 'malignant' or 'benign'.,
000220.png,I have provided you with an image of a skin lesion. Is the lesion malignant or benign? Please answer concisely with either 'malignant' or 'benign'.,
000223.png,You are an expert dermatologist. I have provided you with an image of a skin lesion. Is the lesion malignant or benign? Please answer concisely with either 'malignant' or 'benign'.,
000223.png,I have provided you with an image of a skin lesion. Is the lesion malignant or benign? Please answer concisely with either 'malignant' or 'benign'.,
000285.png,You are an expert dermatologist. I have provided you with an image of a skin lesion. Is the lesion malignant or benign? Please answer concisely with either 'malignant' or 'benign'.,
000285.png,I have provided you with an image of a skin lesion. Is the lesion malignant or benign? Please answer concisely with either 'malignant' or 'benign'.,
000367.png,You are an expert dermatologist. I have provided you with an image of a skin lesion. Is the lesion malignant or benign? Please answer concisely with either 'malignant' or 'benign'.,
000367.png,I have provided you with an image of a skin lesion. Is the lesion malignant or benign? Please answer concisely with either 'malignant' or 'benign'.,
000386.png,You are an expert dermatologist. I have provided you with an image of a skin lesion. Is the lesion malignant or benign? Please answer concisely with either 'malignant' or 'benign'., benign
000386.png,I have provided you with an image of a skin lesion. Is the lesion malignant or benign? Please answer concisely with either 'malignant' or 'benign'., malignant
000435.png,You are an expert dermatologist. I have provided you with an image of a skin lesion. Is the lesion malignant or benign? Please answer concisely with either 'malignant' or 'benign'., benign
000435.png,I have provided you with an image of a skin lesion. Is the lesion malignant or benign? Please answer concisely with either 'malignant' or 'benign'., benign
000444.png,You are an expert dermatologist. I have provided you with an image of a skin lesion. Is the lesion malignant or benign? Please answer concisely with either 'malignant' or 'benign'., cannot rule out melanoma
000444.png,I have provided you with an image of a skin lesion. Is the lesion malignant or benign? Please answer concisely with either 'malignant' or 'benign'., cannot rule out melanoma
000483.png,You are an expert dermatologist. I have provided you with an image of a skin lesion. Is the lesion malignant or benign? Please answer concisely with either 'malignant' or 'benign'.,
000483.png,I have provided you with an image of a skin lesion. Is the lesion malignant or benign? Please answer concisely with either 'malignant' or 'benign'.,
000485.png,You are an expert dermatologist. I have provided you with an image of a skin lesion. Is the lesion malignant or benign? Please answer concisely with either 'malignant' or 'benign'.,
000485.png,I have provided you with an image of a skin lesion. Is the lesion malignant or benign? Please answer concisely with either 'malignant' or 'benign'.,
000505.png,You are an expert dermatologist. I have provided you with an image of a skin lesion. Is the lesion malignant or benign? Please answer concisely with either 'malignant' or 'benign'.,
000505.png,I have provided you with an image of a skin lesion. Is the lesion malignant or benign? Please answer concisely with either 'malignant' or 'benign'.,
000515.png,You are an expert dermatologist. I have provided you with an image of a skin lesion. Is the lesion malignant or benign? Please answer concisely with either 'malignant' or 'benign'.,
000515.png,I have provided you with an image of a skin lesion. Is the lesion malignant or benign? Please answer concisely with either 'malignant' or 'benign'.,
000521.png,You are an expert dermatologist. I have provided you with an image of a skin lesion. Is the lesion malignant or benign? Please answer concisely with either 'malignant' or 'benign'.,
000521.png,I have provided you with an image of a skin lesion. Is the lesion malignant or benign? Please answer concisely with either 'malignant' or 'benign'.,
000528.png,You are an expert dermatologist. I have provided you with an image of a skin lesion. Is the lesion malignant or benign? Please answer concisely with either 'malignant' or 'benign'.,
000528.png,I have provided you with an image of a skin lesion. Is the lesion malignant or benign? Please answer concisely with either 'malignant' or 'benign'.,
000535.png,You are an expert dermatologist. I have provided you with an image of a skin lesion. Is the lesion malignant or benign? Please answer concisely with either 'malignant' or 'benign'.,
000535.png,I have provided you with an image of a skin lesion. Is the lesion malignant or benign? Please answer concisely with either 'malignant' or 'benign'.,
000538.png,You are an expert dermatologist. I have provided you with an image of a skin lesion. Is the lesion malignant or benign? Please answer concisely with either 'malignant' or 'benign'.,
000538.png,I have provided you with an image of a skin lesion. Is the lesion malignant or benign? Please answer concisely with either 'malignant' or 'benign'.,
000549.png,You are an expert dermatologist. I have provided you with an image of a skin lesion. Is the lesion malignant or benign? Please answer concisely with either 'malignant' or 'benign'.,
000549.png,I have provided you with an image of a skin lesion. Is the lesion malignant or benign? Please answer concisely with either 'malignant' or 'benign'.,
000604.png,You are an expert dermatologist. I have provided you with an image of a skin lesion. Is the lesion malignant or benign? Please answer concisely with either 'malignant' or 'benign'.,
000604.png,I have provided you with an image of a skin lesion. Is the lesion malignant or benign? Please answer concisely with either 'malignant' or 'benign'.,
000607.png,You are an expert dermatologist. I have provided you with an image of a skin lesion. Is the lesion malignant or benign? Please answer concisely with either 'malignant' or 'benign'., benign
000607.png,I have provided you with an image of a skin lesion. Is the lesion malignant or benign? Please answer concisely with either 'malignant' or 'benign'., benign
000632.png,You are an expert dermatologist. I have provided you with an image of a skin lesion. Is the lesion malignant or benign? Please answer concisely with either 'malignant' or 'benign'.,
000632.png,I have provided you with an image of a skin lesion. Is the lesion malignant or benign? Please answer concisely with either 'malignant' or 'benign'.,
000639.png,You are an expert dermatologist. I have provided you with an image of a skin lesion. Is the lesion malignant or benign? Please answer concisely with either 'malignant' or 'benign'.,
000639.png,I have provided you with an image of a skin lesion. Is the lesion malignant or benign? Please answer concisely with either 'malignant' or 'benign'.,
000645.png,You are an expert dermatologist. I have provided you with an image of a skin lesion. Is the lesion malignant or benign? Please answer concisely with either 'malignant' or 'benign'.,
000645.png,I have provided you with an image of a skin lesion. Is the lesion malignant or benign? Please answer concisely with either 'malignant' or 'benign'.,
